name,value,pretty_value,boot_val,unit,context,vartype,min_val,max_val,enumvals
allow_in_place_tablespaces,off,"",off,"",superuser,bool,,,""
allow_system_table_mods,off,"",off,"",postmaster,bool,,,""
application_name,psql,"","","",user,string,,,""
archive_cleanup_command,"","","","",sighup,string,,,""
archive_command,(disabled),"","","",sighup,string,,,""
archive_mode,off,"",off,"",postmaster,enum,,,"{always,on,off}"
archive_timeout,0,"",0,s,sighup,integer,0,1073741823,""
array_nulls,on,"",on,"",user,bool,,,""
authentication_timeout,60,"",60,s,sighup,integer,1,600,""
auto_explain.log_analyze,off,"",off,"",superuser,bool,,,""
auto_explain.log_buffers,off,"",off,"",superuser,bool,,,""
auto_explain.log_format,text,"",text,"",superuser,enum,,,"{text,xml,json,yaml}"
auto_explain.log_level,log,"",log,"",superuser,enum,,,"{debug5,debug4,debug3,debug2,debug1,info,notice,warning,log}"
auto_explain.log_min_duration,-1,"",-1,ms,superuser,integer,-1,2147483647,""
auto_explain.log_nested_statements,off,"",off,"",superuser,bool,,,""
auto_explain.log_settings,off,"",off,"",superuser,bool,,,""
auto_explain.log_timing,on,"",on,"",superuser,bool,,,""
auto_explain.log_triggers,off,"",off,"",superuser,bool,,,""
auto_explain.log_verbose,off,"",off,"",superuser,bool,,,""
auto_explain.sample_rate,1,"",1,"",superuser,real,0,1,""
autovacuum,on,"",on,"",sighup,bool,,,""
autovacuum_analyze_scale_factor,0.1,"",0.1,"",sighup,real,0,100,""
autovacuum_analyze_threshold,50,"",50,"",sighup,integer,0,2147483647,""
autovacuum_freeze_max_age,200000000,"",200000000,"",postmaster,integer,100000,2000000000,""
autovacuum_max_workers,3,"",3,"",postmaster,integer,1,262143,""
autovacuum_multixact_freeze_max_age,400000000,"",400000000,"",postmaster,integer,10000,2000000000,""
autovacuum_naptime,60,"",60,s,sighup,integer,1,2147483,""
autovacuum_vacuum_cost_delay,2,"",2,ms,sighup,real,-1,100,""
autovacuum_vacuum_cost_limit,-1,"",-1,"",sighup,integer,-1,10000,""
autovacuum_vacuum_scale_factor,0.2,"",0.2,"",sighup,real,0,100,""
autovacuum_vacuum_threshold,50,"",50,"",sighup,integer,0,2147483647,""
autovacuum_work_mem,-1,"",-1,kB,sighup,integer,-1,2147483647,""
backend_flush_after,0,"",0,8kB,user,integer,0,256,""
backslash_quote,safe_encoding,"",safe_encoding,"",user,enum,,,"{safe_encoding,on,off}"
bgwriter_delay,200,"",200,ms,sighup,integer,10,10000,""
bgwriter_flush_after,64,"",64,8kB,sighup,integer,0,256,""
bgwriter_lru_maxpages,100,"",100,"",sighup,integer,0,1073741823,""
bgwriter_lru_multiplier,2,"",2,"",sighup,real,0,10,""
block_size,8192,"",8192,"",internal,integer,8192,8192,""
bonjour,off,"",off,"",postmaster,bool,,,""
bonjour_name,"","","","",postmaster,string,,,""
bytea_output,hex,"",hex,"",user,enum,,,"{escape,hex}"
check_function_bodies,on,"",on,"",user,bool,,,""
checkpoint_completion_target,0.5,"",0.5,"",sighup,real,0,1,""
checkpoint_flush_after,32,"",32,8kB,sighup,integer,0,256,""
checkpoint_timeout,300,"",300,s,sighup,integer,30,86400,""
checkpoint_warning,30,"",30,s,sighup,integer,0,2147483647,""
client_encoding,UTF8,"",SQL_ASCII,"",user,string,,,""
client_min_messages,notice,"",notice,"",user,enum,,,"{debug5,debug4,debug3,debug2,debug1,log,notice,warning,error}"
cluster_name,"","","","",postmaster,string,,,""
commit_delay,0,"",0,"",superuser,integer,0,100000,""
commit_siblings,5,"",5,"",user,integer,0,1000,""
config_file,/tmp/pgdata/postgresql.conf,"",,"",postmaster,string,,,""
constraint_exclusion,partition,"",partition,"",user,enum,,,"{partition,on,off}"
cpu_index_tuple_cost,0.005,"",0.005,"",user,real,0,1.79769e+308,""
cpu_operator_cost,0.0025,"",0.0025,"",user,real,0,1.79769e+308,""
cpu_tuple_cost,0.01,"",0.01,"",user,real,0,1.79769e+308,""
cursor_tuple_fraction,0.1,"",0.1,"",user,real,0,1,""
data_checksums,off,"",off,"",internal,bool,,,""
data_directory,/tmp/pgdata,"",,"",postmaster,string,,,""
data_directory_mode,0700,"",448,"",internal,integer,0,511,""
data_sync_retry,off,"",off,"",postmaster,bool,,,""
DateStyle,"ISO, MDY","","ISO, MDY","",user,string,,,""
db_user_namespace,off,"",off,"",sighup,bool,,,""
deadlock_timeout,1000,"",1000,ms,superuser,integer,1,2147483647,""
debug_assertions,off,"",off,"",internal,bool,,,""
debug_pretty_print,on,"",on,"",user,bool,,,""
debug_print_parse,off,"",off,"",user,bool,,,""
debug_print_plan,off,"",off,"",user,bool,,,""
debug_print_rewritten,off,"",off,"",user,bool,,,""
default_statistics_target,100,"",100,"",user,integer,1,10000,""
default_table_access_method,heap,"",heap,"",user,string,,,""
default_tablespace,"","","","",user,string,,,""
default_text_search_config,pg_catalog.english,"",pg_catalog.simple,"",user,string,,,""
default_transaction_deferrable,off,"",off,"",user,bool,,,""
default_transaction_isolation,read committed,"",read committed,"",user,enum,,,"{serializable,""repeatable read"",""read committed"",""read uncommitted""}"
default_transaction_read_only,off,"",off,"",user,bool,,,""
dynamic_library_path,$libdir,"",$libdir,"",superuser,string,,,""
dynamic_shared_memory_type,posix,"",posix,"",postmaster,enum,,,"{posix,sysv,mmap}"
effective_cache_size,524288,"",524288,8kB,user,integer,1,2147483647,""
effective_io_concurrency,1,"",1,"",user,integer,0,1000,""
enable_bitmapscan,on,"",on,"",user,bool,,,""
enable_gathermerge,on,"",on,"",user,bool,,,""
enable_hashagg,on,"",on,"",user,bool,,,""
enable_hashjoin,on,"",on,"",user,bool,,,""
enable_indexonlyscan,on,"",on,"",user,bool,,,""
enable_indexscan,on,"",on,"",user,bool,,,""
enable_material,on,"",on,"",user,bool,,,""
enable_mergejoin,on,"",on,"",user,bool,,,""
enable_nestloop,on,"",on,"",user,bool,,,""
enable_parallel_append,on,"",on,"",user,bool,,,""
enable_parallel_hash,on,"",on,"",user,bool,,,""
enable_partition_pruning,on,"",on,"",user,bool,,,""
enable_partitionwise_aggregate,off,"",off,"",user,bool,,,""
enable_partitionwise_join,off,"",off,"",user,bool,,,""
enable_seqscan,on,"",on,"",user,bool,,,""
enable_sort,on,"",on,"",user,bool,,,""
enable_tidscan,on,"",on,"",user,bool,,,""
escape_string_warning,on,"",on,"",user,bool,,,""
event_source,PostgreSQL,"",PostgreSQL,"",postmaster,string,,,""
exit_on_error,off,"",off,"",user,bool,,,""
extension_destdir,"","","","",superuser,string,,,""
external_pid_file,"","",,"",postmaster,string,,,""
extra_float_digits,1,"",1,"",user,integer,-15,3,""
force_parallel_mode,off,"",off,"",user,enum,,,"{off,on,regress}"
from_collapse_limit,8,"",8,"",user,integer,1,2147483647,""
fsync,on,"",on,"",sighup,bool,,,""
full_page_writes,on,"",on,"",sighup,bool,,,""
geqo,on,"",on,"",user,bool,,,""
geqo_effort,5,"",5,"",user,integer,1,10,""
geqo_generations,0,"",0,"",user,integer,0,2147483647,""
geqo_pool_size,0,"",0,"",user,integer,0,2147483647,""
geqo_seed,0,"",0,"",user,real,0,1,""
geqo_selection_bias,2,"",2,"",user,real,1.5,2,""
geqo_threshold,12,"",12,"",user,integer,2,2147483647,""
gin_fuzzy_search_limit,0,"",0,"",user,integer,0,2147483647,""
gin_pending_list_limit,4096,"",4096,kB,user,integer,64,2147483647,""
hba_file,/tmp/pgdata/pg_hba.conf,"",,"",postmaster,string,,,""
hot_standby,on,"",on,"",postmaster,bool,,,""
hot_standby_feedback,off,"",off,"",sighup,bool,,,""
huge_pages,try,"",try,"",postmaster,enum,,,"{off,on,try}"
ident_file,/tmp/pgdata/pg_ident.conf,"",,"",postmaster,string,,,""
idle_in_transaction_session_timeout,0,"",0,ms,user,integer,0,2147483647,""
ignore_checksum_failure,off,"",off,"",superuser,bool,,,""
ignore_system_indexes,off,"",off,"",backend,bool,,,""
integer_datetimes,on,"",on,"",internal,bool,,,""
IntervalStyle,postgres,"",postgres,"",user,enum,,,"{postgres,postgres_verbose,sql_standard,iso_8601}"
jit,on,"",on,"",user,bool,,,""
jit_above_cost,100000,"",100000,"",user,real,-1,1.79769e+308,""
jit_debugging_support,off,"",off,"",superuser-backend,bool,,,""
jit_dump_bitcode,off,"",off,"",superuser,bool,,,""
jit_expressions,on,"",on,"",user,bool,,,""
jit_inline_above_cost,500000,"",500000,"",user,real,-1,1.79769e+308,""
jit_optimize_above_cost,500000,"",500000,"",user,real,-1,1.79769e+308,""
jit_profiling_support,off,"",off,"",superuser-backend,bool,,,""
jit_provider,llvmjit,"",llvmjit,"",postmaster,string,,,""
jit_tuple_deforming,on,"",on,"",user,bool,,,""
join_collapse_limit,8,"",8,"",user,integer,1,2147483647,""
krb_caseins_users,off,"",off,"",sighup,bool,,,""
krb_server_keyfile,FILE:/etc/postgresql-common/krb5.keytab,"",FILE:/etc/postgresql-common/krb5.keytab,"",sighup,string,,,""
lc_collate,en_US.utf8,"",C,"",internal,string,,,""
lc_ctype,en_US.utf8,"",C,"",internal,string,,,""
lc_messages,en_US.utf8,"","","",superuser,string,,,""
lc_monetary,en_US.utf8,"",C,"",user,string,,,""
lc_numeric,en_US.utf8,"",C,"",user,string,,,""
lc_time,en_US.utf8,"",C,"",user,string,,,""
listen_addresses,"","",localhost,"",postmaster,string,,,""
local_preload_libraries,"","","","",user,string,,,""
lock_timeout,0,"",0,ms,user,integer,0,2147483647,""
lo_compat_privileges,off,"",off,"",superuser,bool,,,""
log_autovacuum_min_duration,-1,"",-1,ms,sighup,integer,-1,2147483647,""
log_checkpoints,off,"",off,"",sighup,bool,,,""
log_connections,off,"",off,"",superuser-backend,bool,,,""
log_destination,stderr,"",stderr,"",sighup,string,,,""
log_directory,log,"",log,"",sighup,string,,,""
log_disconnections,off,"",off,"",superuser-backend,bool,,,""
log_duration,off,"",off,"",superuser,bool,,,""
log_error_verbosity,default,"",default,"",superuser,enum,,,"{terse,default,verbose}"
log_executor_stats,off,"",off,"",superuser,bool,,,""
log_file_mode,0600,"",384,"",sighup,integer,0,511,""
log_filename,postgresql-%Y-%m-%d_%H%M%S.log,"",postgresql-%Y-%m-%d_%H%M%S.log,"",sighup,string,,,""
logging_collector,off,"",off,"",postmaster,bool,,,""
log_hostname,off,"",off,"",sighup,bool,,,""
log_line_prefix,%m [%p] ,"",%m [%p] ,"",sighup,string,,,""
log_lock_waits,off,"",off,"",superuser,bool,,,""
log_min_duration_statement,-1,"",-1,ms,superuser,integer,-1,2147483647,""
log_min_error_statement,error,"",error,"",superuser,enum,,,"{debug5,debug4,debug3,debug2,debug1,info,notice,warning,error,log,fatal,panic}"
log_min_messages,warning,"",warning,"",superuser,enum,,,"{debug5,debug4,debug3,debug2,debug1,info,notice,warning,error,log,fatal,panic}"
log_parser_stats,off,"",off,"",superuser,bool,,,""
log_planner_stats,off,"",off,"",superuser,bool,,,""
log_replication_commands,off,"",off,"",superuser,bool,,,""
log_rotation_age,1440,"",1440,min,sighup,integer,0,35791394,""
log_rotation_size,10240,"",10240,kB,sighup,integer,0,2097151,""
log_statement,none,"",none,"",superuser,enum,,,"{none,ddl,mod,all}"
log_statement_stats,off,"",off,"",superuser,bool,,,""
log_temp_files,-1,"",-1,kB,superuser,integer,-1,2147483647,""
log_timezone,Etc/UTC,"",GMT,"",sighup,string,,,""
log_transaction_sample_rate,0,"",0,"",superuser,real,0,1,""
log_truncate_on_rotation,off,"",off,"",sighup,bool,,,""
maintenance_work_mem,65536,"",65536,kB,user,integer,1024,2147483647,""
max_connections,100,"",100,"",postmaster,integer,1,262143,""
max_files_per_process,1000,"",1000,"",postmaster,integer,25,2147483647,""
max_function_args,100,"",100,"",internal,integer,100,100,""
max_identifier_length,63,"",63,"",internal,integer,63,63,""
max_index_keys,32,"",32,"",internal,integer,32,32,""
max_locks_per_transaction,64,"",64,"",postmaster,integer,10,2147483647,""
max_logical_replication_workers,4,"",4,"",postmaster,integer,0,262143,""
max_parallel_maintenance_workers,2,"",2,"",user,integer,0,1024,""
max_parallel_workers,8,"",8,"",user,integer,0,1024,""
max_parallel_workers_per_gather,2,"",2,"",user,integer,0,1024,""
max_pred_locks_per_page,2,"",2,"",sighup,integer,0,2147483647,""
max_pred_locks_per_relation,-2,"",-2,"",sighup,integer,-2147483648,2147483647,""
max_pred_locks_per_transaction,64,"",64,"",postmaster,integer,10,2147483647,""
max_prepared_transactions,0,"",0,"",postmaster,integer,0,262143,""
max_replication_slots,10,"",10,"",postmaster,integer,0,262143,""
max_stack_depth,2048,"",100,kB,superuser,integer,100,2147483647,""
max_standby_archive_delay,30000,"",30000,ms,sighup,integer,-1,2147483647,""
max_standby_streaming_delay,30000,"",30000,ms,sighup,integer,-1,2147483647,""
max_sync_workers_per_subscription,2,"",2,"",sighup,integer,0,262143,""
max_wal_senders,10,"",10,"",postmaster,integer,0,262143,""
max_wal_size,1024,"",1024,MB,sighup,integer,2,2147483647,""
max_worker_processes,8,"",8,"",postmaster,integer,0,262143,""
min_parallel_index_scan_size,64,"",64,8kB,user,integer,0,715827882,""
min_parallel_table_scan_size,1024,"",1024,8kB,user,integer,0,715827882,""
min_wal_size,80,"",80,MB,sighup,integer,2,2147483647,""
old_snapshot_threshold,-1,"",-1,min,postmaster,integer,-1,86400,""
operator_precedence_warning,off,"",off,"",user,bool,,,""
parallel_leader_participation,on,"",on,"",user,bool,,,""
parallel_setup_cost,1000,"",1000,"",user,real,0,1.79769e+308,""
parallel_tuple_cost,0.1,"",0.1,"",user,real,0,1.79769e+308,""
password_encryption,md5,"",md5,"",user,enum,,,"{md5,scram-sha-256}"
pg_stat_statements.max,5000,"",5000,"",postmaster,integer,100,1073741823,""
pg_stat_statements.save,on,"",on,"",sighup,bool,,,""
pg_stat_statements.track,top,"",top,"",superuser,enum,,,"{none,top,all}"
pg_stat_statements.track_utility,on,"",on,"",superuser,bool,,,""
plan_cache_mode,auto,"",auto,"",user,enum,,,"{auto,force_generic_plan,force_custom_plan}"
port,5432,"",5432,"",postmaster,integer,1,65535,""
post_auth_delay,0,"",0,s,backend,integer,0,2147,""
pre_auth_delay,0,"",0,s,sighup,integer,0,60,""
primary_conninfo,"","","","",postmaster,string,,,""
primary_slot_name,"","","","",postmaster,string,,,""
promote_trigger_file,"","","","",sighup,string,,,""
quote_all_identifiers,off,"",off,"",user,bool,,,""
random_page_cost,4,"",4,"",user,real,0,1.79769e+308,""
recovery_end_command,"","","","",sighup,string,,,""
recovery_min_apply_delay,0,"",0,ms,sighup,integer,0,2147483647,""
recovery_target,"","","","",postmaster,string,,,""
recovery_target_action,pause,"",pause,"",postmaster,enum,,,"{pause,promote,shutdown}"
recovery_target_inclusive,on,"",on,"",postmaster,bool,,,""
recovery_target_lsn,"","","","",postmaster,string,,,""
recovery_target_name,"","","","",postmaster,string,,,""
recovery_target_time,"","","","",postmaster,string,,,""
recovery_target_timeline,latest,"",latest,"",postmaster,string,,,""
recovery_target_xid,"","","","",postmaster,string,,,""
restart_after_crash,on,"",on,"",sighup,bool,,,""
restore_command,"","","","",postmaster,string,,,""
restrict_nonsystem_relation_kind,"","","","",user,string,,,""
row_security,on,"",on,"",user,bool,,,""
search_path,"""$user"", public","","""$user"", public","",user,string,,,""
segment_size,131072,"",131072,8kB,internal,integer,131072,131072,""
seq_page_cost,1,"",1,"",user,real,0,1.79769e+308,""
server_encoding,UTF8,"",SQL_ASCII,"",internal,string,,,""
server_version,12.22 (Debian 12.22-1.pgdg120+1),"",12.22 (Debian 12.22-1.pgdg120+1),"",internal,string,,,""
server_version_num,120022,"",120022,"",internal,integer,120022,120022,""
session_preload_libraries,"","","","",superuser,string,,,""
session_replication_role,origin,"",origin,"",superuser,enum,,,"{origin,replica,local}"
shared_buffers,16384,"",1024,8kB,postmaster,integer,16,1073741823,""
shared_memory_type,mmap,"",mmap,"",postmaster,enum,,,"{sysv,mmap}"
shared_preload_libraries,"pg_stat_statements,auto_explain","","","",postmaster,string,,,""
ssl,off,"",off,"",sighup,bool,,,""
ssl_ca_file,"","","","",sighup,string,,,""
ssl_cert_file,server.crt,"",server.crt,"",sighup,string,,,""
ssl_ciphers,HIGH:MEDIUM:+3DES:!aNULL,"",HIGH:MEDIUM:+3DES:!aNULL,"",sighup,string,,,""
ssl_crl_file,"","","","",sighup,string,,,""
ssl_dh_params_file,"","","","",sighup,string,,,""
ssl_ecdh_curve,prime256v1,"",prime256v1,"",sighup,string,,,""
ssl_key_file,server.key,"",server.key,"",sighup,string,,,""
ssl_library,OpenSSL,"",OpenSSL,"",internal,string,,,""
ssl_max_protocol_version,"","","","",sighup,enum,,,"{"""",TLSv1,TLSv1.1,TLSv1.2,TLSv1.3}"
ssl_min_protocol_version,TLSv1,"",TLSv1,"",sighup,enum,,,"{TLSv1,TLSv1.1,TLSv1.2,TLSv1.3}"
ssl_passphrase_command,"","","","",sighup,string,,,""
ssl_passphrase_command_supports_reload,off,"",off,"",sighup,bool,,,""
ssl_prefer_server_ciphers,on,"",on,"",sighup,bool,,,""
standard_conforming_strings,on,"",on,"",user,bool,,,""
statement_timeout,0,"",0,ms,user,integer,0,2147483647,""
stats_temp_directory,pg_stat_tmp,"",pg_stat_tmp,"",sighup,string,,,""
superuser_reserved_connections,3,"",3,"",postmaster,integer,0,262143,""
synchronize_seqscans,on,"",on,"",user,bool,,,""
synchronous_commit,on,"",on,"",user,enum,,,"{local,remote_write,remote_apply,on,off}"
synchronous_standby_names,"","","","",sighup,string,,,""
syslog_facility,local0,"",local0,"",sighup,enum,,,"{local0,local1,local2,local3,local4,local5,local6,local7}"
syslog_ident,postgres,"",postgres,"",sighup,string,,,""
syslog_sequence_numbers,on,"",on,"",sighup,bool,,,""
syslog_split_messages,on,"",on,"",sighup,bool,,,""
tcp_keepalives_count,0,"",0,"",user,integer,0,2147483647,""
tcp_keepalives_idle,0,"",0,s,user,integer,0,2147483647,""
tcp_keepalives_interval,0,"",0,s,user,integer,0,2147483647,""
tcp_user_timeout,0,"",0,ms,user,integer,0,2147483647,""
temp_buffers,1024,"",1024,8kB,user,integer,100,1073741823,""
temp_file_limit,-1,"",-1,kB,superuser,integer,-1,2147483647,""
temp_tablespaces,"","","","",user,string,,,""
TimeZone,Etc/UTC,"",GMT,"",user,string,,,""
timezone_abbreviations,Default,"",,"",user,string,,,""
trace_notify,off,"",off,"",user,bool,,,""
trace_recovery_messages,log,"",log,"",sighup,enum,,,"{debug5,debug4,debug3,debug2,debug1,log,notice,warning,error}"
trace_sort,off,"",off,"",user,bool,,,""
track_activities,on,"",on,"",superuser,bool,,,""
track_activity_query_size,1024,"",1024,B,postmaster,integer,100,102400,""
track_commit_timestamp,off,"",off,"",postmaster,bool,,,""
track_counts,on,"",on,"",superuser,bool,,,""
track_functions,none,"",none,"",superuser,enum,,,"{none,pl,all}"
track_io_timing,off,"",off,"",superuser,bool,,,""
transaction_deferrable,off,"",off,"",user,bool,,,""
transaction_isolation,read committed,"",read committed,"",user,enum,,,"{serializable,""repeatable read"",""read committed"",""read uncommitted""}"
transaction_read_only,off,"",off,"",user,bool,,,""
transform_null_equals,off,"",off,"",user,bool,,,""
unix_socket_directories,/var/run/postgresql,"",/var/run/postgresql,"",postmaster,string,,,""
unix_socket_group,"","","","",postmaster,string,,,""
unix_socket_permissions,0777,"",511,"",postmaster,integer,0,511,""
update_process_title,on,"",on,"",superuser,bool,,,""
vacuum_cleanup_index_scale_factor,0.1,"",0.1,"",user,real,0,1e+10,""
vacuum_cost_delay,0,"",0,ms,user,real,0,100,""
vacuum_cost_limit,200,"",200,"",user,integer,1,10000,""
vacuum_cost_page_dirty,20,"",20,"",user,integer,0,10000,""
vacuum_cost_page_hit,1,"",1,"",user,integer,0,10000,""
vacuum_cost_page_miss,10,"",10,"",user,integer,0,10000,""
vacuum_defer_cleanup_age,0,"",0,"",sighup,integer,0,1000000,""
vacuum_freeze_min_age,50000000,"",50000000,"",user,integer,0,1000000000,""
vacuum_freeze_table_age,150000000,"",150000000,"",user,integer,0,2000000000,""
vacuum_multixact_freeze_min_age,5000000,"",5000000,"",user,integer,0,1000000000,""
vacuum_multixact_freeze_table_age,150000000,"",150000000,"",user,integer,0,2000000000,""
wal_block_size,8192,"",8192,"",internal,integer,8192,8192,""
wal_buffers,512,"",-1,8kB,postmaster,integer,-1,262143,""
wal_compression,off,"",off,"",superuser,bool,,,""
wal_consistency_checking,"","","","",superuser,string,,,""
wal_init_zero,on,"",on,"",superuser,bool,,,""
wal_keep_segments,0,"",0,"",sighup,integer,0,2147483647,""
wal_level,replica,"",replica,"",postmaster,enum,,,"{minimal,replica,logical}"
wal_log_hints,off,"",off,"",postmaster,bool,,,""
wal_receiver_status_interval,10,"",10,s,sighup,integer,0,2147483,""
wal_receiver_timeout,60000,"",60000,ms,sighup,integer,0,2147483647,""
wal_recycle,on,"",on,"",superuser,bool,,,""
wal_retrieve_retry_interval,5000,"",5000,ms,sighup,integer,1,2147483647,""
wal_segment_size,16777216,"",16777216,B,internal,integer,1048576,1073741824,""
wal_sender_timeout,60000,"",60000,ms,user,integer,0,2147483647,""
wal_sync_method,fdatasync,"",fdatasync,"",sighup,enum,,,"{fsync,fdatasync,open_sync,open_datasync}"
wal_writer_delay,200,"",200,ms,sighup,integer,1,10000,""
wal_writer_flush_after,128,"",128,8kB,sighup,integer,0,2147483647,""
work_mem,4096,"",4096,kB,user,integer,64,2147483647,""
xmlbinary,base64,"",base64,"",user,enum,,,"{base64,hex}"
xmloption,content,"",content,"",user,enum,,,"{content,document}"
zero_damaged_pages,off,"",off,"",superuser,bool,,,""
